fold,macro_f1,f1_minor,f1_major,f1_dest,FN_damage,FN_severe,recall_damage,recall_severe,FP_dmg_per_1k_no,FP_sev_per_1k_nonsevere,n_minor_test,n_major_test,tau_damage,tau_severe,pooled_n_calib
0,0.0925,0.0,0.0202,0.3498,0,0,1.0,1.0,1000.0,996.13,11,17,0.00262451,0.00081465,4687
1,0.0856,0.0,0.0,0.341,0,0,1.0,1.0,999.22,995.37,19,10,0.00262451,0.00256837,5025
2,0.0889,0.0,0.0,0.3555,0,0,1.0,1.0,1000.0,999.26,11,7,0.00302112,0.00081465,4669
3,0.0444,0.0,0.0,0.1777,0,0,1.0,1.0,1000.0,994.8,4,3,0.00262451,0.00081465,4748
4,0.0662,0.0,0.0,0.2648,0,0,1.0,1.0,1000.0,997.83,2,7,0.00262451,0.00081465,4907
